INSERT INTO [dbo].[sec_users] ([login], [pswd], [name], [email], [active], [activation_code], [priv_admin]) VALUES
('admin',	'admin',	'Admin',	'fohet@globaltechsa.com.ar',	'Y',	'',	'Y'),
('fohet',	'1234',	'Fabian Ohet',	'',	'Y',	'',	'Y');


INSERT INTO [dbo].[sec_groups] ([group_id], [description]) VALUES
(1,	'Administrador'),
(2,	'Cliente'),
(3,	'Interno');

INSERT INTO [dbo].[sec_users_groups] ([login], [group_id]) VALUES
('admin',	1),
('fohet',	2);

INSERT INTO [dbo].[sec_apps] ([app_name], [app_type], [description]) VALUES
('app_change_pswd',	'contr',	'Seguridad - Cambiar Contraseña'),
('app_form_add_users',	'form',	NULL),
('app_form_edit_users',	'form',	NULL),
('app_form_sec_apps',	'form',	'Seguridad - Administrar Aplicaciones'),
('app_form_sec_groups',	'form',	'Seguridad - Formulario de Grupos'),
('app_form_sec_groups_apps',	'form',	'Seguridad - Aplicaciones por Grupo'),
('app_grid_sec_apps',	'cons',	'Seguridad - Vista de Aplicaciones'),
('app_grid_sec_groups',	'cons',	'Seguridad - Vista de Grupos'),
('app_grid_sec_users',	'cons',	'Seguridad - Vista de Usuarios'),
('app_Login',	'contr',	'Seguridad - Pantalla de Login'),
('app_retrieve_pswd',	'contr',	'Seguridad - Recuperar Contraseña'),
('app_search_sec_groups',	'filter',	'Seguridad - Buscar Grupo'),
('app_sync_apps',	'contr',	'Seguridad - Sincronizar Aplicaciones'),
('blank',	'blank',	'Default - Main'),
('DEPOT_1.zip',	'',	NULL),
('form_dbo_PRODUCTO_IMG',	'form',	'Maestro de Productos - formulario Importacion de foto'),
('form_sec_users',	'form',	'Seguridad - Formulario de Usuarios'),
('grid_dbo_PRODUCTO_IMG',	'cons',	'Maestro de Productos - vista Importacion de foto'),
('grid_dbo_WEB_MOVIMIENTOS',	'cons',	'Reportes - Vista de Movimientos'),
('grid_dbo_WEB_STOCK',	'cons',	'Reportes - Vista de Stock'),
('grid_dbo_WEB_STOCK_POSICION',	'cons',	'Reportes - Vista de Stock por Posicion'),
('index.php',	'',	NULL),
('menu_principal',	'menu',	'Default - Menu Principal'),
('tree_reportes',	'menutree',	'Reportes - Menu Reportes'),
('tree_seguridad',	'',	'Seguridad - Menu Seguridad');





INSERT INTO [dbo].[sec_groups_apps] ([group_id], [app_name], [priv_access], [priv_insert], [priv_delete], [priv_update], [priv_export], [priv_print]) VALUES
(1,	'app_change_pswd',	'Y',	'N',	'N',	'N',	'N',	'N'),
(1,	'app_form_add_users',	NULL,	NULL,	NULL,	NULL,	NULL,	NULL),
(1,	'app_form_edit_users',	NULL,	NULL,	NULL,	NULL,	NULL,	NULL),
(1,	'app_form_sec_apps',	'Y',	'Y',	'Y',	'Y',	'Y',	'Y'),
(1,	'app_form_sec_groups',	'Y',	'Y',	'Y',	'Y',	'Y',	'Y'),
(1,	'app_form_sec_groups_apps',	'Y',	'Y',	'Y',	'Y',	'Y',	'Y'),
(1,	'app_grid_sec_apps',	'Y',	'',	'',	'',	'Y',	'Y'),
(1,	'app_grid_sec_groups',	'Y',	'',	'',	'',	'Y',	'Y'),
(1,	'app_grid_sec_users',	'Y',	'',	'',	'',	'Y',	'Y'),
(1,	'app_Login',	'Y',	'',	'',	'',	'',	''),
(1,	'app_retrieve_pswd',	'Y',	'',	'',	'',	'',	''),
(1,	'app_search_sec_groups',	'Y',	'',	'',	'',	'',	''),
(1,	'app_sync_apps',	'Y',	'',	'',	'',	'',	''),
(1,	'blank',	'Y',	'',	'',	'',	'',	''),
(1,	'DEPOT_1.zip',	NULL,	NULL,	NULL,	NULL,	NULL,	NULL),
(1,	'form_dbo_PRODUCTO_IMG',	'Y',	'Y',	'Y',	'Y',	'Y',	'Y'),
(1,	'form_sec_users',	'Y',	'Y',	'Y',	'Y',	'Y',	'Y'),
(1,	'grid_dbo_PRODUCTO_IMG',	'Y',	'',	'',	'',	'Y',	'Y'),
(1,	'grid_dbo_WEB_MOVIMIENTOS',	'Y',	'',	'',	'',	'Y',	'Y'),
(1,	'grid_dbo_WEB_STOCK',	'Y',	'',	'',	'',	'Y',	'Y'),
(1,	'grid_dbo_WEB_STOCK_POSICION',	'Y',	'',	'',	'',	'Y',	'Y'),
(1,	'index.php',	NULL,	NULL,	NULL,	NULL,	NULL,	NULL),
(1,	'menu_principal',	'Y',	'',	'',	'',	'',	''),
(1,	'tree_reportes',	'Y',	'',	'',	'',	'',	''),
(1,	'tree_seguridad',	'Y',	'',	'',	'',	'',	''),
(2,	'app_change_pswd',	'Y',	'',	'',	'',	'',	''),
(2,	'app_form_add_users',	NULL,	NULL,	NULL,	NULL,	NULL,	NULL),
(2,	'app_form_edit_users',	NULL,	NULL,	NULL,	NULL,	NULL,	NULL),
(2,	'app_form_sec_apps',	'',	'',	'',	'',	'',	''),
(2,	'app_form_sec_groups',	'',	'',	'',	'',	'',	''),
(2,	'app_form_sec_groups_apps',	'',	'',	'',	'',	'',	''),
(2,	'app_grid_sec_apps',	'',	'',	'',	'',	'',	''),
(2,	'app_grid_sec_groups',	'',	'',	'',	'',	'',	''),
(2,	'app_grid_sec_users',	'',	'',	'',	'',	'',	''),
(2,	'app_Login',	'Y',	'',	'',	'',	'',	''),
(2,	'app_retrieve_pswd',	'Y',	'',	'',	'',	'',	''),
(2,	'app_search_sec_groups',	'',	'',	'',	'',	'',	''),
(2,	'app_sync_apps',	'',	'',	'',	'',	'',	''),
(2,	'blank',	'Y',	'',	'',	'',	'',	''),
(2,	'DEPOT_1.zip',	NULL,	NULL,	NULL,	NULL,	NULL,	NULL),
(2,	'form_dbo_PRODUCTO_IMG',	'',	'',	'',	'',	'',	''),
(2,	'form_sec_users',	'',	'',	'',	'',	'',	''),
(2,	'grid_dbo_PRODUCTO_IMG',	'',	'',	'',	'',	'',	''),
(2,	'grid_dbo_WEB_MOVIMIENTOS',	'',	'',	'',	'',	'',	''),
(2,	'grid_dbo_WEB_STOCK',	'Y',	'',	'',	'',	'',	''),
(2,	'grid_dbo_WEB_STOCK_POSICION',	'',	'',	'',	'',	'',	''),
(2,	'index.php',	NULL,	NULL,	NULL,	NULL,	NULL,	NULL),
(2,	'menu_principal',	'Y',	'',	'',	'',	'',	''),
(2,	'tree_reportes',	'Y',	'',	'',	'',	'',	''),
(2,	'tree_seguridad',	'Y',	'',	'',	'',	'',	''),
(3,	'app_change_pswd',	'Y',	'',	'',	'',	'',	''),
(3,	'app_form_add_users',	NULL,	NULL,	NULL,	NULL,	NULL,	NULL),
(3,	'app_form_edit_users',	NULL,	NULL,	NULL,	NULL,	NULL,	NULL),
(3,	'app_form_sec_apps',	'Y',	'Y',	'Y',	'Y',	'Y',	'Y'),
(3,	'app_form_sec_groups',	'Y',	'Y',	'Y',	'Y',	'Y',	'Y'),
(3,	'app_form_sec_groups_apps',	'Y',	'Y',	'Y',	'Y',	'Y',	'Y'),
(3,	'app_grid_sec_apps',	'Y',	'',	'',	'',	'Y',	'Y'),
(3,	'app_grid_sec_groups',	'Y',	'',	'',	'',	'Y',	'Y'),
(3,	'app_grid_sec_users',	'Y',	'',	'',	'',	'Y',	'Y'),
(3,	'app_Login',	'Y',	'',	'',	'',	'',	''),
(3,	'app_retrieve_pswd',	'Y',	'',	'',	'',	'',	''),
(3,	'app_search_sec_groups',	'Y',	'',	'',	'',	'',	''),
(3,	'app_sync_apps',	'Y',	'',	'',	'',	'',	''),
(3,	'blank',	'Y',	'',	'',	'',	'',	''),
(3,	'DEPOT_1.zip',	NULL,	NULL,	NULL,	NULL,	NULL,	NULL),
(3,	'form_dbo_PRODUCTO_IMG',	'Y',	'Y',	'Y',	'Y',	'Y',	'Y'),
(3,	'form_sec_users',	'Y',	'Y',	'Y',	'Y',	'Y',	'Y'),
(3,	'grid_dbo_PRODUCTO_IMG',	'Y',	'',	'',	'',	'Y',	'Y'),
(3,	'grid_dbo_WEB_MOVIMIENTOS',	'Y',	'',	'',	'',	'Y',	'Y'),
(3,	'grid_dbo_WEB_STOCK',	'Y',	'',	'',	'',	'Y',	'Y'),
(3,	'grid_dbo_WEB_STOCK_POSICION',	'Y',	'',	'',	'',	'Y',	'Y'),
(3,	'index.php',	NULL,	NULL,	NULL,	NULL,	NULL,	NULL),
(3,	'menu_principal',	'Y',	'',	'',	'',	'',	''),
(3,	'tree_reportes',	'Y',	'',	'',	'',	'',	''),
(3,	'tree_seguridad',	NULL,	NULL,	NULL,	NULL,	NULL,	NULL);

